City,Elevation
Ambo,2940.0
Keringet,1955.0
Kaptagat,2424.5
Kapsabet,1986.5
Fountain,1704.0
Nagasaki,175.0
Sidi Redouane,219.0
Kuki,11.0
Assela,1170.5
Uasin Gishu,2093.5
Keyport,7.0
Arroyo Grande,71.0
Cross Plains,218.0
Nyahururu,2358.0
Petach Tikva,26.0
Recoleta,523.0
Roselle,228.5
Near Wigan,59.0
Wicklow Town,1826.0
Leicester,65.5
Marakwet,1920.0
Yukon,732.0
Blanchardville,152.0
Collingswood,12.0
Olivet,104.0
Odense V,26.0
Old Tappan,27.0
Culloden,259.0
Fairburn,310.0
Isle Of Bute,0.0
Anacortes,0.0
Ashiyashi,7.0
Sunderland Tyne And Wear,45.0
Downey,36.5
Celestine,190.0
Kalmar,0.0
Piltene,8.0
Saint Ann,716.5
Maple Glen,313.0
Kikuyu,2057.5
Kessel-Lo,29.0
Noailles,152.5
Santa Cristina,590.5
Greencastle,248.5
Escazú,1475.5
Ñuñoa,612.0
San Rafael De Escazu,1039.0
Sete Lagoas,773.0
Ste. Genevieve,141.0
Glanmire,747.0
"Boston, Ma",8.0
Elva,59.5
Four Marks,180.0
Bellbrook,268.0
Rawabi,599.0
Peninsula,164.0
Mount Hermon,217.0
Bournemouth,40.0
Chiba-Ken,1146.0
Saint Clairsville,357.0
Manresa,250.0
Washington D.c.,19.0
Ostrava,209.0
Arabi,3.0
Mitcham,29.0
Dobbs Ferry,88.0
Molenhoek,8.0
Richmond Hill N.y.,12.0
Merthyr Tydfil,287.0
Cabin John,70.0
Nuneaton,97.0
Long Island,0.0
Scottville,202.0
West Milwaukee,207.0
Stormville,135.0
Box Hill Nth,97.0
Grosse Pointe Park,181.0
Genoa,0.0
Ephrata,119.0
Farnham Common,80.0
Mafra,239.0
Saint-Georges,241.0
Ilmmuenster,477.0
Vallingby,28.5
Ilminster,40.0
Escondido,204.5
Bay Minette,85.0
Far Rockaway,0.0
Mount Chase,396.0
Sainte-Catherine-De-Hatley,201.0
Aix-En-Provence,179.0
New Farm,14.0
Rising Sun,120.0
Lomita,25.0
Centurion,1443.0
Lake Leelanau,202.0
Brooktondale,333.0
Rindge,349.5
Fusagasuga,1551.0
Isle Of Man,309.5
Toms River,11.0
Brugge,3.0
Cwmbran,65.0
Briarcliff,262.0
Russia (rus),533.0
Hovås,27.0
Hicksville,48.0
Milo,103.0
Fisher,219.0
Ellettsville,235.0
Fiuggi,856.0
Schuttrange,270.5
Frederiksberg C,15.0
Hawthorn,119.0
Toomebridge,12.0
Krakow,210.0
Branyan,104.0
Bondi Beach,22.0
Akashi-Shi,1.0
Sarzeau,17.0
Ridgecrest,723.5
Baddeck,45.0
Hino,85.0
Richwood,11.0
Hoppegarten,54.0
Cotati,69.0
East Elmhurst,4.0
Auriol,290.0
Germansville,209.0
Brodheadsville,254.0
Dunakeszi,133.0
Washington Township,290.0
Niwot,1566.0
Prattville,116.0
Roy,1354.0
Thibodaux,5.0
Fridley,260.0
St Albert,682.0
Roncq,21.0
Black River Falls,264.0
Zhubei,225.0
Owen,398.0
Vine Grove,220.0
Benicarló,14.0
Mysore,755.5
Homestead,8.0
Crofton,37.0
Vaudreuil-Dorion,22.0
Aylmer,229.0
Lytham,0.0
Drummoyne,14.0
Sugarcreek,372.5
La Conversion,342.0
Moulins Lès Metz,180.0
Liscate,110.0
Oldsmar,5.0
Whitesboro,237.0
Nederland,15.0
South Melbourne,15.0
Steeple Morden,43.0
Wellpinit,728.0
Mont-Tremblant,246.0
Meguro,34.0
Machesney Park,230.0
Old Knebworth,112.0
Milnathort,118.5
Underdale,19.0
Lane Cove North,43.0
Port Jefferson Station,55.0
Nijmegen,11.0
Sale,19.0
Garrett Park,96.5
Middleville,233.0
Massamagrell,7.0
Flint,229.0
Balmaseda,304.5
East St. Paul,231.0
Comitan De Dominguez,1719.0
Flatts,117.5
Krasnoyarsk,157.0
Dorval,23.0
Nishinomiya,4.0
Pescadero,145.5
Bayrakli / Izmir,126.0
Ft Mitchell,258.0
Marysville,10.0
Puerto Vallarta,73.5
Veyrier,419.0
North Vernon,227.0
Farmerville,53.0
Grayson,259.0
Robbinsdale,269.5
Trujillo,47.0
Westwego,3.0
Piqua,273.0
Sola,8.0
Guacima,849.0
Chambéry,310.0
Dessel,24.0
Kharkiv,147.0
Carros,167.5
Minsk,207.0
Surrey Hills,213.5
Aarau,387.0
Cloudcroft,2706.0
Hadera,22.0
Hasselt,35.0
Waxahachie,182.0
Tavistock,160.0
Winesburg,355.0
Holmesville,60.0
San Andres Cholula,2136.0
Neuilly-Sur-Seine,40.0
Aia,20.0
West Perth,347.0
Coralville,224.0
Buckhurst Hill,41.0
Middlefield,124.0
Embu Das Artes,824.0
Boulogne Billancourt,40.0
Meitar,54.0
Belvidere,238.0
"Zibo City, Shandong Province",126.5
Commack,47.0
Danbury,121.0
Conshocken,106.5
Lahaina,0.0
Moriyama,92.0
Atizapan De Zaragoza,2291.5
Sacriston,135.0
Weyburn,570.0
Kewanee,256.0
Orchard Lake,285.0
Ona,663.5
Rostock,16.0
Manzanares El Real,925.0
Izola,91.0
Grand Bourgtheroulde,127.0
Linyola,234.0
Meadowvale,21.5
Senlis,72.0
Stratford-Upon-Avon,46.0
I-Chen,205.0
Watertwon,25.5
Leonia,65.0
Weatogue,71.0
Magog,221.0
Rockaway Park,0.0
"Tokyo-To, Chiyoda-Ku",18.0
Falkirk,7.0
Tlajomulco,1622.5
Stallings,226.0
Sullens,550.5
Hokitika,11.5
Strathpine,18.0
Langemark,15.0
Chapell Hill,598.5
Hayes,38.5
Bereldange,333.0
Orion,49.0
Tomsk,74.0
Perez Zeledon,696.0
Mococa,614.0
Qinhuangdao,5.0
Cooperstown,393.0
Peckville,295.0
Wroclaw,119.0
Mountain Brk,212.0
Taby,29.0
Renens,393.0
Paderborn,121.5
Sewell,23.0
Palos Heights,185.0
Soldotna,15.0
Rosslyn Farms,326.0
Trappe,81.0
Parbold Nr Wigan,30.0
Neptune,177.0
Kloten,432.0
Palos Park,214.0
Orrville,316.0
Grandville,191.0
Pretoria,1292.5
Moss Point,7.0
Chez-Le-Bart,509.0
Männedorf,552.0
Jerusalem,757.5
Forde,809.5
Copenhagen Nv,0.0
Kaltenhouse,133.0
Hoorn Nh,0.0
Weirton,249.0
Great Barrington,243.0
Glenn Dale,54.0
Wharton,34.0
Erp,10.0
"Nt, Hk",18.0
Jarvenpaa,56.0
Keperra,81.0
Elyria,225.0
Westhill,276.5
Turners Falls,88.0
Co. Longford,68.5
Hong Kong Sar,18.0
Polvijärvi,98.0
Sudan,430.0
Barksdale Afb,54.0
Colebrook,377.0
Ridgeley,214.0
Hornchurch,25.0
Dyssegaard,25.0
Hawthorne,29.0
Goodhue,341.0
Strullendorf,279.0
Cataño,2.0
Twickenham,10.0
Skippack,75.0
Pueblo,1435.0
Saint-Tite,142.0
Fairborn,257.0
Smith'S Parish,0.0
Florahome,36.0
St Anthony,283.0
Sant Fost De Campsentelles,105.0
Erskineville,21.0
Coorparoo,14.0
Kryniczno,141.0
St-Ambroise,135.0
"Santacruz (east), Mumbai",6.0
Gold Coast,0.0
Fowlerville,274.0
Gardenroute Mall,196.0
Fuenlabrada,676.0
Ostrow Wielkopolski,135.0
"Jiali Dist., Tainan City",7.0
Montelimar,74.0
Bayard,1823.0
Hermantown,394.0
Zagan,114.5
Aabenraa,52.0
To Kwa Wan,11.0
Shepherdsville,136.0
Herent,31.0
Pellenberg,67.0
Alvaro Obregon,2441.5
Bucksport,50.0
Farmers Branch,151.0
Green Lane,106.0
Whitewater,247.0
Saint Gery,151.0
Princes Risborough,149.0
Weslaco,27.0
Yerevan,1094.0
Hanover Park,244.0
"Chongqing, Nan Chuan District",969.5
Belchertown,150.0
Tijucas,4.0
Santo Andre,767.0
Fair Lawn,25.0
Cold Ash,120.0
Kounosu-Shi,17.0
Rzeszotary,341.0
"Nt, Hong Kong",18.0
Talence,23.0
Breezy Point,386.0
Brooklawn,6.0
New Bern,0.0
Branchburg,253.5
Tempo,111.0
Belle Harbor,0.0
Hendricks,541.0
Balkbrug,5.0
West Hagley,514.0
Edgware,57.0
Mallorca,120.0
West Lawn,106.0
Hsichu,0.0
León,1792.0
Sintra,148.0
Leetsdale,283.5
Lo Barnechea Santiago,852.5
Ste-Marthe,59.5
Ekaterinburg,260.0
Middle Village,24.0
East Thetford,162.0
Salaberry De Valleyfield,45.0
Ellington,76.0
Hythe,30.0
Blagny,194.5
Buffalo Grove,215.0
Sap Paulo,5.0
Bad Oeynhausen,96.5
Euclid,187.0
American Canyon,9.0
Dabrowa Chotomowska,79.0
Lynge,41.5
Weddington,207.5
Dublin 11,69.0
Lakemoor,235.0
"Chestnut Hill, Ma",52.0
Bellaterra,157.0
Zibo,53.0
Mathiston,135.0
Kewaskum,300.5
Stourbridge,103.0
Woodville,22.0
Westerly,24.0
Vegreville,636.0
Gamagori-Shi,0.0
Longniddry,17.0
Radovljica,1044.5
Zhubei City,66.5
Coyoacan,2245.0
Tipp City,269.0
Wolhusen,661.0
Askim,178.0
Clarksboro,12.0
Lakeside,17.0
Oosterhout Nb,5.0
Richboro,91.0
Badalona,14.0
Stellarton,26.0
"Bang Wa , Phasi Charoen , Bangkok",6.0
Escazuu,1475.5
Lynnwood,127.0
Dundonald,1481.0
Horta,4.0
Strawberry Plains,285.0
Anjou,284.5
Belgrano,708.0
Bassett,287.0
Walthamstow,18.0
Indialantic,0.0
Gillingham,7.0
Wanchai,139.5
Saraland,12.0
Clarence-Rockland,46.0
Winchendon,306.0
Guanacaste,10.0
Belvedere Tiburon,0.0
Martinsville,284.0
Cody,1546.0
Bridgeton,19.0
Torrington,263.0
Heidelberg,117.0
Mount Clemens,185.0
Boulogne-Billancourt,40.0
Aschaffenburg,134.0
Clifton Hill,208.0
Springhill,7.0
Olesnica,153.0
Gladesville,43.0
San Luis Potosí,1874.0
Yahroma,150.5
Bolatice,
Talca,110.0
N Las Vegas,560.0
Fairless Hills,41.0
Val-Des-Monts,236.0
Seymour,174.0
Confignon,408.0
Humanes De Madrid,676.0
Goodview,200.0
Le Sueur,244.0
Southend On Sea,0.0
Radford,589.0
Hardeeville,12.0
Tupper Lake,474.0
Haslett,265.0
Nonsan City,18.0
Nueva Andalucia (marbella),0.0
Griswold,332.0
Ruston,96.0
Livron-Sur-Drome,130.0
La Baie,71.0
Near Stafford,83.0
Sevelinges,588.0
Aarhus C,19.0
Kirtipur 3,1347.5
Folkestone,113.0
Bahía Blanca,19.0
Pfaffikon Sz,683.0
Bempflingen,347.0
Harwinton,263.0
Spokane Valley,618.0
Upper Nyack,75.0
Pacifica,116.0
Luquillo,44.0
Stowe,486.5
Åkersberga,21.0
Apopka,40.0
Sackville,5.0
Torreón,1130.0
Kronberg Im Taunus,262.0
Montcada,63.0
Suwon-Si,124.0
Solna,23.0
Tres Rios,349.0
Lille,25.0
Brookville,313.0
Naucalpan De Juarez,2271.0
Carpentras,105.0
Black Diamond,184.0
Elon,209.0
Arroyo De La Encomienda,709.0
Halesowen,153.0
Walkersville,93.0
Nicholasville,299.5
São Carlos,844.5
"Shatin, N.t.",114.5
Felton,148.0
Almendralejo Badajoz,346.0
Altamont,1252.0
Pointe-Du-Chêne,6.0
Aguascalientes,1861.0
San Mauro Pascoli,21.0
Everton Park,58.0
Varennes,8.0
Ringgold,266.0
Claymont,73.0
Algona,360.5
S. S. De Los Reyes,639.0
Bodo,6.0
Sprakers,181.0
Bryceville,28.0
Lompoc,37.0
Giddings,147.0
Dulles,93.0
Pelham Manor,21.0
Roosevelt,16.0
Mount Albert,254.0
Meath,62.0
Liberty Center,203.0
Jevnaker,180.0
Beckley,723.0
Bath,73.0
Quebec City,13.0
Horsell,31.0
Nelson,175.0
Ramona,462.0
San Joaquín De Flores,1113.0
Ringwood North,122.0
Moncks Corner,20.0
Sweet Home,186.0
Olivette,201.0
Oakfield,234.5
Ellensburg,460.0
Domaso,204.0
Gdansk,5.0
Mevaseret Zion,751.0
Lacombe,851.0
Salford,34.0
Tildonk,16.0
Brecksville,327.0
Gonzales,7.0
Pacific,153.0
Hidden Hills,347.0
Santana,12.0
Caloundra,0.0
Godby,12.0
Collingwood,201.0
Eastchester,48.0
Sochaczew,82.0
Carolina Beach,0.0
Mascouche,17.0
Griffin,284.0
Bavaro,9.0
Nezahualcóyotl,2235.0
Llinars Del Valles,218.5
Foshan,3.0
Kaiserslautern,269.5
Greendale,144.0
Broussard,14.0
Union Bridge,138.0
Shelby Twp,203.0
St Gallen,661.5
East St Paul,231.0
Wamberal,18.0
Palos Verdes Peninsula,0.0
Cuckfield,74.0
Envigado,2020.0
Millburn,83.0
Leyden,1.0
Sidcup,40.0
Fairdale,150.0
Nevada,1994.0
Newton Upper Falls,41.0
Williamsville,190.0
Henley-On-Thames,54.0
Yates City,199.0
Villa Nueva,708.0
Abertillery,307.5
Nobleton,258.0
Fawkner,100.0
Goodlettsville,181.0
Alicante,45.0
Templeogue,49.0
Rocky View County,1172.0
Corsicana,135.0
Neosho,353.0
Baraboo,283.0
Cherbourg,3.0
Ubly,247.0
Guayaquil,33.0
Kimmage,38.0
Ballinascarthy,76.0
Banner Elk,1217.0
Kamiensk,223.0
Lock Haven,199.0
Friedland,191.0
Wachtberg,179.0
"Fiddington, Tewkesbury",22.0
Colomiers,184.0
Hobbs,1099.0
Dos Hermanas,45.0
Shnaghai,10.0
Krasnodar,26.0
Pescara,0.0
Nenagh,59.0
Jemez Pueblo,1707.0
Mont-Saint-Gregoire,44.0
Tamuning,19.0
Helendale,814.0
Dauphin Island,0.0
Notre- Dame Ile Perrot,22.5
Coral Spring,8.0
Garnerville,55.0
Darvel,174.5
Ascot,85.0
Guang Zhou,11.0
Västra Frölunda,23.0
Lavington,175.0
Clio,221.0
Manhasset,42.0
Hitchin,82.0
Casstown,264.0
Mahopac,196.0
Las Palmas De Gran Canaria,0.0
Chalons En Champagne,84.0
Hongkong,18.0
Haddon Twp,19.0
Boskovice,392.5
Campodarsego,16.0
Dunbarton,219.0
Shetland,79.0
Fernandina Beach,0.0
Fukuishi,9.0
Powder Springs,294.0
South Park,332.0
Ponchatoula,15.0
Darlinghurst,43.0
Crystal Beach,8.0
Wolfeboro Falls,179.0
Möhlin,328.0
Gaspar,12.0
Kincardine,175.0
Walla Walla,274.0
San Ramón,606.0
Hagersten,32.0
Manvel,19.0
Clovelly,22.0
Galesville,222.0
Ufa,155.0
Mt Vernon,45.0
South Esk,54.0
Christchurch,8.0
Officer,44.0
Boonton,99.0
West Friendship,174.0
Oststeinbek,21.0
Jerrabomberra,592.0
Anyos,1372.0
Lee,318.0
Castleknock,59.0
Bogota / Santa Fe,2749.0
Stoke,135.0
Corrales,9.0
South Miami,11.0
Aibonito,606.5
Riverwoods,205.0
Shawnee,318.0
Tenbury Wells,86.0
Ira,1103.0
Cagliari,19.0
Baie-Comeau,49.0
Dierks,140.0
Kuopio,97.0
Artarmon,84.0
Atherton,54.0
Albertville,792.0
Felsberg,163.0
Sandusky,180.0
Goldendale,519.0
Graz,355.0
Amersham,143.0
Cap Sante,68.0
Lawrenceburg,281.0
Uppingham,135.0
Croton On Hudson,86.5
St-Jerome,102.0
Capaccio,215.5
Henley On Thames,54.0
Ararat,3875.5
Sogamoso,2478.0
Pudong New District,65.0
Saranac,263.5
Harahan,5.0
Durand,245.0
Lowestoft,12.0
Freinsheim,162.0
Elmwood Park,198.0
Saint Pierre Du Mont,53.0
Santa Tecla,926.0
Mongkok,11.0
Chilibre,78.0
Kolkata,10.0
Bulimba,1778.0
Brunssum,90.0
Vinton,304.0
Lovendegem,5.0
Brookflield,263.0
Fanwood,51.0
Audubon,6.0
Belton,328.0
Edlibach,652.0
Courtice,111.5
Jb Mdl,26.0
Gosport,0.0
Greenbelt,37.0
Barreal,337.5
Intervale,160.0
Arese,171.0
Caulfield South,30.5
Lodi,16.0
Aston,68.0
Axminster,35.0
Michigan City,178.5
Sabro,73.0
Prosper,197.0
Leysin,1392.5
Demarest,32.0
Mount Airy,318.0
Ballymena,52.0
Batesville,87.0
Zap,605.0
Copenhagen Oe,11.0
Burton Pidsea,8.0
Wheat Ridge,1649.0
Yarralumla,582.0
Green Mountain Falls,2537.5
Peppermint Grove,17.0
Lidingö,23.0
Mechanicville,35.0
Morden,25.0
Prague 2,242.0
Getafe,629.0
Capriasca-Oggio,602.0
Harrisonburg,429.0
Coconut Grove,12.0
Cúcuta,322.0
Puteaux,44.0
Feng Tai District,9.0
Owings,38.0
Hudson Oaks,319.0
Sömmerda,142.0
Schöninghsdorf,16.0
Jels,43.0
Midhurst,42.0
Walton,267.0
Whitecourt,690.0
Whitehall,116.0
Hanko,0.0
Rio Claro,623.0
Notre-Dame-De-L'Ile-Perrot,22.5
Paonia,1755.5
Canelones,18.0
Higganum,110.0
Parlin,15.0
Pahoa,241.0
Kreuzlingen,537.0
Amos,302.0
Mcfarland,108.0
"Toin-Cho,inaba-Gun",31.0
Acworth,276.0
San Lorenzo,150.0
Otawara,202.0
Craryville,244.5
Shepherd,42.0
Galt,13.0
Vandalia,293.0
East Haddam,92.5
Delafield,284.0
Barbera Del Valles,113.0
Roquetas De Mar,2.0
Osoyoos,314.0
New Glasgow,28.5
Skofja Loka,375.0
Taunusstein,395.5
Bornheim,65.0
County Clare,23.0
Teutopolis,183.0
Erstein,150.0
Fukuoka-City,45.0
Saint-Bruno-De-Montarville,25.0
Saint Maur Des Fossés,40.0
Pemsacola,29.0
Dodge City,793.0
La Reina Santiago,659.0
Coatbridge,88.0
Center Valley,159.0
Silvis,177.0
Prineville,881.5
Stevenage,99.0
East Setauket,29.0
Sun Prairie,299.0
Alcalá De Henares,595.0
Oberursel,162.0
Brasília - Df,1126.0
Walsall,140.0
Gentofte,25.0
Sherman,232.0
Mahwah,107.0
Dragør,0.0
Galway City,7.0
Hemlock,197.0
Porthcawl,8.5
Nova Dubnica,239.0
Whistler,995.5
Blodgett Mills,449.5
La Trinidad,1149.5
Nazareth,309.0
Cholsey,50.0
Lansdowne,1397.0
Beavercreek Township,255.0
Kershaw,162.0
Causeway Bay,139.5
Leighton Buzzard,106.0
Avoca Pa,226.0
Deleg. Cuauhtemoc,2240.0
Hardwick,108.0
Forney,140.0
Rocafort,24.0
Sceaux,114.5
Zacatecas,2450.0
Hung Hom,11.0
Campana,5.0
La Union,29.5
L'Ange-Gardien,151.0
La Selva Beach,50.5
Tarentum,303.0
La Garriga,318.5
Norco,192.0
Heiloo,0.0
Liversedge,126.5
Singapore (sgp),3.0
Pully,524.0
Mountain House,212.0
Yokohama-Shi,9.0
Saint Francis,201.0
Christiansted,47.5
Coxs Creek,198.0
Greeneville,455.0
Oneco,9.0
Mexico D.f.,2265.5
Sainte-Therese,51.5
Mansfield Center,55.0
Goldens Bridge,93.5
Takasago,3.0
Soquel,24.0
Grayslake,239.0
Gerlingen,328.0
St.petersburg,12.0
Edinburg,80.0
Belem - Pa,0.0
Fribourg,623.0
Chivasso,187.0
Lyme,247.0
Bonnyville,548.0
Toccoa,299.0
Nevada City,815.0
Hunt Valley,101.0
Rohnert Park,27.0
Whitmore,715.0
Panama City Beach,7.0
Mol,138.0
Mckeesport,275.5
Rösrath,111.0
Roaming Shores,271.5
Bologna,38.0
Redwood Falls,315.0
Avoca Beach,4.0
Cedar City,1776.0
Coral Springs,8.0
Brunswick East,49.0
Sierra Vista,1377.5
Port Chester,32.0
Point Pleasant Beach,8.0
Medowie,26.0
Midwest City,370.0
West Gardiner,62.0
Thiene,114.0
Kwai Chung,99.0
Nichols Hills,359.0
Carrickmacross,52.0
Rye Brook,61.0
San Luis Potosi,1874.0
Regensburg,339.0
Maspeth,24.0
Martorelles,105.0
Glenville,32.0
Saranac Lake,493.5
Alpha,95.0
Helsingborg,36.0
Reedsville,209.0
Cheddar,22.5
New Egypt,31.0
Noisiel,71.0
Kareela,64.5
Minato-Ku,5.0
Mountain Brook,212.0
Rehoboth Beach,0.0
Renteria,51.0
Willow,52.0
Shutesbury,289.5
Royston,49.0
Leavenworth,233.0
Sandhausen,105.0
Mcdonough,258.0
Ottumwa,231.0
Blue Mounds,346.0
Juniata,609.0
Kitty Hawk,8.0
Chugiak,95.5
Azusa,225.0
Leiria,65.0
Struer,12.0
N Tonawanda,177.0
Omro,235.0
Drummonds,121.0
Coventry,91.0
Baguio City,1405.5
Montalcino,329.5
Deforest,271.0
Parkdale,13.0
Taichung/Taiwan,73.0
Saint-Lazare,64.0
Southgate,181.0
Hackettstown,190.5
Alexandra,260.0
Merewether,19.0
Chandler Heights,413.0
Springwater,225.0
Pikesville,155.0
Ancienne-Lorette,56.0
Locust Grove,248.0
Heber City,1753.5
Jamundi,962.0
Fruitvale,1422.0
Denton,210.0
Pointe-Aux-Outardes,17.0
Nuremberg,312.0
Miamisburg,244.0
Fort Kent,219.0
Xi'An,407.0
Macedonia,417.0
West Columbia,65.5
Krawce,339.0
Sant Quirtze Del Valles,228.0
Montgat,112.0
Coburg,319.0
Tierra Verde,18.0
Oleszyce,222.0
Incheon,18.0
Cd. Victoria,329.0
St.john'S,11.0
Eatons Hill,60.0
North Berwick,0.0
Marshall,0.0
Dacono,1525.0
Anglet,40.0
Nicholson,19.0
Greely,300.5
Sandton,1582.5
Drogheda,32.0
Lombard,225.5
Starkville,101.0
Brookyln,595.0
'S-Hertogenbosch,6.0
Greentown,354.0
La Guacima,849.0
Bergdietikon,436.0
Treiten,465.0
"New Taipei,",13.0
Burgos,873.0
Vitacura,662.0
Szczecin,16.0
Willoughby,198.0
Hamminkeln,21.0
Wivenhoe,0.0
Rochford,19.0
Ciudada De Mexico,2240.0
Bacliff,0.0
Lake Elmo,291.0
Mount Juliet,180.0
Sandnes,32.0
Rougemont,48.0
Haines City,42.0
Erkelenz,95.0
San Sebastián,25.0
Ocoyoacac,2582.0
Affton,148.0
Wind Lake,235.0
Barstow,676.0
Chadron,1044.0
Berchem,29.0
Takatsuki,24.0
Buderim,7.0
Ste-Germaine-Boule,281.0
Superior Township,241.0
Lonoke,73.0
Mosocw,157.0
Vale,1922.0
Pawling,161.0
Redfield,394.0
Tomah,296.0
Poquoson,6.0
Holywood,0.0
West Nyack,65.0
New Jersey,27.0
Norroy Le Veneur,255.0
Harpur Hill,373.5
"Pudong District,shanghai",8.0
Bielefeld,134.5
Lurgan,217.5
Fort Gratiot,183.0
Atco,47.0
Hatteras,0.0
Komae,32.0
Dawson,106.0
Paasdorf,213.0
Sylmar,406.0
Kenilworth,86.0
Platte City,275.0
St-Prosper,306.0
Balaclava,250.0
Enid,391.0
Clanton,189.5
Vineyard Haven,20.0
Manchester Center,278.5
Dalkey,0.0
Line Lexington,101.0
Järvenpää,56.0
Fulshear,42.0
Jundiaí-Sp.,733.0
Quapaw,258.0
Conklin,343.5
Lynwood,33.0
Socorro,801.0
Kewadin,197.0
Leuven,31.0
West Covina,118.0
Pendleton,426.5
Saint-Prosper,306.0
Bellinzona,250.0
Winters,41.0
Nyc,4.0
Sarver,341.5
Bakerstown,359.0
Rock Creek,66.0
Krzepice,216.0
Green Brook,177.0
Kinmen County 893,12.0
Bellefonte,300.0
Kailua Kona,140.5
Lavale,665.0
Huzhou,6.0
Koksijde,4.0
Turnersville,29.0
L'Ancienne Lorette,56.0
Kew,30.0
New Baltimore,180.0
Denville,172.0
Apodaca,431.0
Awbridge,34.0
East Rutherford,14.0
La Seu D'Urgell,792.0
Chestnut Ridge,154.0
Forest Hill,234.0
West Peterborough,291.0
Madbury,55.0
Tichborne,188.0
Rocky Point,41.0
Pilot Point,207.0
Spalding,3.0
Potterville,276.0
Hellerup,11.0
Moreland Hills,329.0
Sarpsborg,30.0
Paragould,83.0
Afton,227.0
Gouda,0.0
Tijuana,48.5
Deary,938.5
Suisun City,1.0
Lake Quivira,245.0
Edwards,2280.0
Domzale,307.0
Stillwater Lake,561.0
Morris Plain,121.5
Kellyville,235.0
Litchfield Park,306.0
Vernon Rockville,168.0
Polk City,267.0
Pocomoke,148.0
Antrim,26.0
Stonehaven,54.0
St Basile Le Grand,13.0
La Chaux De Fonds,1063.5
Himeji,9.0
Shenandoah,15.0
Oudenaarde,14.0
Seal Cove,20.0
Branson,254.0
Dillsburg,190.0
Inagi,38.0
Faridabad,205.0
Hempstead,27.0
North West Washington,607.0
Birkerød,43.0
Reims,84.0
Archie,254.0
Peetri Alevik,41.0
Fairlawn,304.0
Ketchum,1823.0
East Sparta,315.0
Whitestown,285.0
St-Eustache,31.0
Delaplane,162.5
Waynesville,853.0
São Jose Dos Campos,568.0
Bookham,82.0
Hastings-On-Hudson,24.5
Rouse Hill,58.0
Friendsville,272.0
Meelick,89.0
New Ipswich,325.0
Science Hill,329.0
Yuen Long,13.0
Osakashi Sumiyoshiku,11.0
Surbiton,13.0
Prestwick,13.0
Isanti,281.0
Ninety Six,155.0
Yorkville,195.0
Le Plessis Robinson,114.5
Antlers,156.0
Kingston Upon Thames,22.0
Leme,630.0
Edogawa-Ku,2.0
Elkview,284.5
Sevres,114.0
Bayonne,4.0
Centro,17.0
Lake Villa,243.0
Bridge Of Weir,56.0
Hellertown,118.0
Aguas De Lindoia,886.5
Inverary,149.0
Nanterre,30.0
Wrenshall,318.0
Witney,83.0
Hewitt,187.0
The Village,23.0
Melfort,460.0
Melsele,3.0
Havant,10.0
Linden,24.0
Montevideo,46.0
Kangnam-Gu,25.0
Hausham,817.0
Cedar Springs,264.0
Braham,290.0
Kingman,1046.0
Gdynia,25.0
Lenox,354.0
Alphen Aan Den Rijn,0.0
Mays Landing,8.0
Miraflores,120.0
Naas,91.0
St. Johnsville,210.0
Maliano,11.0
Pitt Meadows,4.0
Alice,618.0
Chatillon,88.0
Starnberg,593.0
Connellsville,300.0
Toyonaka,14.5
Kuhlungsborn,8.5
Sherrodsville,306.0
Vejle,72.0
Rock Springs,1934.0
Denison,201.0
Castlebar,41.0
Gallivare,360.0
Orenburg,108.0
Willis,114.0
El Granada,95.5
Wauregan,81.0
Silver City,1825.0
Dublin 7,18.0
Imperial Beach,7.0
Graham,161.0
Letchworth,82.0
Boonville,190.5
Pennsboro,293.0
West Dundee,250.0
Poolesville,112.0
São Pedro De Alcantara,11.0
Monticello,284.0
Coimbra,140.0
Dorado,7.0
Ottaviano,152.0
Dongguan,3.0
Narberth,79.0
Allenstown,115.0
Hägersten,32.0
Gold Hill,400.5
Scott Township,283.0
St.catharines,96.0
Chicago Ridge,186.0
Ciudad Autonoma De Buenos Aires.,5.0
Massama,7.0
Hebbs Cross,72.0
Berthoud,1531.0
Dekalb,273.0
High Ridge,231.0
Ballerup,30.0
Downersgrove,228.0
Södertälje,51.0
Horsham,58.0
"Vitacura, Lo Curro",710.0
Gray,200.0
La Prairie,14.0
Ageo,17.0
Port Allegany,490.0
North Fort Myers,7.0
Medley,9.0
Harrison,38.0
South Colby,1.5
Clifton Heights,69.0
Vsetin,420.0
Lexington Park,20.0
Saint Aubin De Cretot,128.0
Dublin 1,18.0
Strathmore,962.5
Stekene,6.0
Murrumbeena,49.0
Bennington,240.0
Mulvane,389.0
Grosse Pointe Shores,180.0
Ralston,322.0
Feasterville,149.0
Kilbeggan,71.0
Wiesent,399.5
Dawesville,8.0
Camprodon,1089.0
Santa Fe Springs,38.0
Clayfield,119.0
S. Martinho De Conde,177.0
Orting,197.0
Metzingen,419.0
Bad Homburg,197.0
Letchworth Garden City,82.0
Bradbury,181.5
Lumberton,35.0
South Ockendon,19.0
Valby,15.0
Nymburk,186.0
Littlestown,181.0
Kraków,210.0
Sachse,166.0
Lake Mills,257.0
Keysoe,52.0
Somerdale,24.0
Epping,80.0
Feldbach,315.0
N Chesterfield,40.0
Landenberg,96.0
Ensenada,18.0
Rosseau,279.0
Malabar,6.0
Mercier,46.0
Stockton-On-Tees,14.0
Chorrillos,39.0
Petawawa,149.0
Saffron Walden,68.0
Warrington,12.0
Macapá,8.0
Beechville,253.5
Del Norte,2407.0
Rittman,295.0
Rosendale,64.0
Obersulm,247.5
Running Springs,1527.5
Skipton,173.0
Bagneux,76.0
Findley Lake,463.0
Goulais River,190.0
Coteau-Du-Lac,47.0
St. Lucia,245.5
Traralgon,45.5
Matawan,30.0
Junortoun,225.0
Sidney,315.0
Pianengo (cr),80.0
North Richland Hills,193.0
Shalu Dist.,31.0
Gorod Moskva,167.0
Providencia,612.0
Bahia Blanca,19.0
"St-Lin, Laurentides",62.0
Rosemere,26.0
Chinchilla,308.0
Sonora,561.0
Hefei,25.5
Rosario,31.0
Marcy,153.0
Dodgeville,373.0
Mayfield Heights,323.0
Leer,3.0
Eastleigh,17.0
Santa Catarina,718.0
Bogotta,2749.0
Oak Harbor,0.0
Salamanca,820.0
Vanderbilt,325.0
Otsucity,123.5
Towcester,110.0
Sound Beach,45.0
Pound,548.5
Burford,133.0
Interlaken,19.0
Moody,223.0
Moss Beach,0.0
Chapin,128.0
Mont-Sur-Rolle,532.0
Akeley,113.0
Boadilla Del Monte,674.0
Nagoya City,6.0
San Antionio,211.0
Haywards Heath,46.0
Red Rock,150.0
Dinsmore,284.0
Cascade,265.0
Broxburn,91.0
Chacao,892.5
Granville,19.0
Port Trevorton,142.5
Diana,36.0
Ravenswood,188.0
Bury St Edmunds,54.0
Festus,148.0
Benito Juárez,3.0
Rouyn Noranda,291.0
Lincolnshire,6.0
Riverbank,40.0
Leonberg,378.0
Serra Riccò,295.0
Holyhead,17.0
Westchester,9.0
Nowata,215.0
Oak Run,478.0
Flanders,5.0
Moreau,707.5
Central Falls,31.5
Gordonville,219.0
Zetland,21.0
Ixelles,85.0
Takayama,616.0
Del Aire,23.0
Montoursville,223.0
Willowick,172.0
Bezons,37.0
Queens Village,26.0
Crowthorne,74.0
Junction City,331.0
Taylors Hill,89.0
Mocsow,157.0
Helper,1847.5
Naugatuck,132.5
The Dalles,59.5
Aperibe,87.5
Dunstable,140.5
Lane Cove West,43.0
La Habra,117.0
Algiers,9.5
Muncy,209.0
North Windham,97.0
Nordborg,13.0
"Sub-District Bangmot, District Thungkhru",5.0
Tromsø,49.5
Erskine,19.0
Spardorf,309.0
Krasnograd,98.0
Ellicott Ct.,16.0
Adelaide,50.0
Roberts,32.0
Tulare,84.0
Swarzedz,85.0
Bastorf,6.0
Alliance,325.0
Lier,6.0
Uppsala,18.0
Waverly Hall,200.0
White River Junction,152.5
Chorley,76.0
Haydon Bridge,142.0
Robards,128.0
Takahama-Shi,4.0
St-Felix-De-Valois,113.5
Summer Hill,238.0
Minoh,213.5
Co. Cork,23.0
Breda,3.0
"Kwai Chung, N.t.",99.0
Riegel,178.0
Alamosa,2300.0
Coatzacoalcos,7.0
Tonganoxie,302.0
Beauharnois,35.0
Daegu,57.0
Walton-On-Thames,13.0
Caguas,66.0
Kashiwa,21.0
Narrabundah,570.0
Drumbo,303.0
Ewa Beach,7.0
Chichester,28.0
Blommington,248.0
A.moueng,423.0
Fesches Le Chatel,365.5
Mohawk,161.0
Elmira Heights,274.0
Nassau,8.0
Bryn Athyn,78.0
Caledon East,297.0
Montrela,33.0
West Pittston,180.0
Pulheim,56.0
Shen Zhen,20.0
Deatsville,117.0
North Olmsted,238.5
Limassol,10.0
Sakem,9.0
Murphys,688.0
Main Beach,0.0
King George,56.0
Burnley,204.5
Tuson,720.5
Granite City,127.0
Cushing,285.0
Kiev,167.0
Sisseton,367.0
Chia,2556.0
Ivry-Sur-Seine,36.0
Vair Sur Loire,21.0
North Charleston,11.0
Rotherham,42.0
Viimsi Vald,0.0
Bussy Saint Georges,78.0
West Newfield,181.0
Putney,65.0
Chennai,8.0
Vashon Island,116.0
Usini,185.0
St-Charles-Borromee,73.0
Emmaus,200.0
Glandore,25.0
Saint Helena,453.5
Saco,30.0
Oosterzele,45.0
Renssealer,49.0
Norristown,46.0
Elkhart,230.0
Caraquet,21.0
Le Gosier,0.0
Diamond Bars,78.5
Zahara De Los Atunes,6.0
South Windsor,41.5
Châteauguay,35.0
Parkland County,703.0
New Paris,249.0
Huntley,267.0
Oberwil,339.0
Milnerton,16.0
Wallington,74.0
Okauchee,272.0
Tappan,28.0
Caledon Village,415.0
Albion,297.0
Rolandia,705.0
Sylva,661.0
Voiluoto,11.0
Vichtenstein,605.0
Ridgely,86.0
Elverson,189.0
Bourbonnais,201.0
Brandenburg,48.0
Amherstburg,179.0
Weston Lakes,37.0
Hilo,0.0
Kingshill,15.0
Vilanova I La Geltrú,31.0
Lawton,343.0
Jamison,90.0
"Jin'An Dis, Fuzhou",11.0
Mont-Laurier,235.0
Romance,187.0
West Suffield,49.0
Bishop'S Stortford,80.0
Brunswick Heads,0.0
Marfa,1435.0
Glasonbury,22.0
Texarkana,101.0
Vilaplana,1503.5
Florida,35.0
Mount Lawley,29.0
Feldafing,667.0
Ooltgensplaat,0.0
Alvarado,47.0
West Grove,124.0
Central,7.0
Kansas,536.0
Knoxfield,87.5
Järfälla,35.0
Camana Bay,0.0
Lloyd Harbor,5.0
St Clair Shores,179.0
Killarney,37.0
Bentleyville,342.0
Prather,443.0
Solihull,129.0
Balneário Piçarras,10.0
Pau,216.0
Panama City,0.0
Hortonville,2191.0
Pompton Plains,72.0
Sireti,174.0
Miles,304.0
Seven Valleys,189.5
San Fransisco,70.5
Saint-Adelphe-De-Champlain,128.0
North Oaks,275.0
Hørsholm,15.0
Emeryville,0.0
Erdokertes,213.5
San Mauro Mare,2.0
Sunny Isles Beach,0.0
Kapolei,48.5
Delevan,466.5
Cayey,517.0
Columbia City,257.0
Shoreham,92.0
Sg Buloh,79.0
Reseda,238.0
Monclova,643.0
Flagler Beach,7.0
Kodiak,47.0
Selargius,22.0
Kingsport,402.5
Antigo,459.0
Setagaya,43.0
Findlay,240.0
Skead,270.0
Wytheville,705.5
Nicosia,139.0
Edmundston,191.5
Middle Park,26.0
Vaughan,237.0
Dzierzoniow,262.0
Trois Rivieres,19.0
Sioux City,333.0
Taylors,289.0
Dueren,127.0
Grimbsy,6.0
Ladue,178.0
Burton,240.0
Round Lake,239.0
Basco,42.0
St-Armand,56.0
San Fior,76.5
Bad Zwischenahn,7.0
Bluffton,11.0
Veenendaal,8.0
Rockwood,254.0
Agassiz,18.0
Stadtroda,240.0
Killala,50.0
Aumont En Halatte,100.0
Bensenville,210.0
St. Thomas,51.5
Rollingmeadows,219.0
Seward,442.0
Romford,14.0
Bangplat,11.0
Bonneville,468.0
Apache Junction,532.0
Nagykovacsi,407.0
Glen Osmond,93.5
Surfside,0.0
Dunbar,213.5
Bourne End,33.0
St-Barnabe-Nord,78.0
Port Lavaca,0.0
Mertztown,147.0
Jaboticabal,607.5
Mechancisville,39.0
Rosenberg,33.0
Woodruff,222.0
Río De Janeiro,2.0
Tyreso,48.0
Altus,422.0
Hinton,1070.0
Blackwood,243.0
Facatativa,2598.0
Parhump,847.0
Deerfield Beach,8.0
Haiku,288.0
Okotoks,1080.0
S. Chatham,17.0
Huailen,1020.5
Hanover Township,90.0
Whitehaven,0.0
Park Ridge,200.0
Purley,71.5
Sydenham,324.0
Bryne,78.0
Rouen,23.5
Frome,82.0
Dane,678.0
Pasto,2652.0
Rivas Vaciamadrid,532.0
Sea Cliff,28.5
Zhoushan,1.0
Rockaway,198.0
East Amherst,185.0
Market Harborough,102.0
Rhyl,6.0
Montesano,17.0
Cocoa Beach,0.0
East Andover,211.5
St-Laurent-I.o.,48.0
Mccook,763.0
Oulu,16.0
Wollongong,6.0
Victorville,893.0
Kuki-Shi,11.0
Fort Mil,155.5
Wilmot,349.0
Castorland,224.0
Hitachi-Shi,104.0
Franksville,221.0
Laconia,166.0
Goose Bay,185.5
Lackawanna,186.0
Bargersville,250.0
Enterprise,757.5
Ashbourne,163.0
Glenormiston,152.0
Charles Town,34.0
Lyndhurst,6.0
Berango,57.5
Pikeville,279.0
Franklinton,61.0
Somverville,12.0
Abu Dhabi,7.0
Saint-Lambert,13.5
Bukit Mertajam,26.0
Ayase,47.0
Farmersville,116.0
Oakhurst,17.0
Freiburg,333.5
Swansboro,7.0
Dolny Kubin,582.0
Newton Centre,52.0
Matagami,266.0
Gefrees,518.5
Darmstadt,148.0
Bjarrred,6.0
Kristianstad,2.0
Shillington,106.0
Ballston Lake,112.0
Rødding,51.0
Asbury Park,11.0
Baernau-Thanhausen,593.0
Weston Super Mare,2.0
Chuo-Ku,18.0
Mont-Joli,59.0
"Kowloon, Hk",11.0
Beach Lake,398.0
Limavady,18.0
Ratchatawee,234.0
Ludgershall,155.0
Concord Twp,266.0
Lenoir,388.0
Temple,221.0
Bergen,6.0
Joshua,284.0
Dallastown,392.0
Elkin,305.0
Estero,8.0
Patrickswell,70.5
St Albans,117.0
Nanping,125.0
Brasschaat,11.0
Elmont,14.0
Bogart,244.0
Portishead,7.0
Willimantic,75.0
Santo Antonio Cavaleiros,7.0
Hainesport,13.0
Mira Gut,18.5
Dansville,257.5
Bryan,104.0
Prospect Heights,206.0
Taitung City,21.0
Woodcliff Lake,78.5
Hongqiao District,141.0
Mount Kisco,128.0
Saint Augustine Beach,3.0
Hadley,146.0
Bronxville,48.0
Estado De Mexico,2265.5
Sumter,53.0
Muri B. Bern,557.0
Barton,296.0
Staples,389.0
Dorr,214.0
Watervale,98.0
Roslilndale,45.0
Lummen,27.0
Etters,149.0
Canton Township,210.0
Pittstown,106.0
South Surrey,17.0
South Huntington,55.0
Oostburg,217.0
Cali,964.0
Tuckahoe,84.0
Cappella Maggiore,126.5
Northwich,26.0
Ronkonkoma,35.0
Upland,399.0
Flat Rock,182.0
Cedar River,175.0
Santiago De Los Caballeros,198.0
St. Edward,23.0
Crown Point,216.0
Fitzroy North,109.0
Melville,55.0
Hannibal,188.0
Feltham,20.0
Changhua County,76.0
Cottontown,193.0
Les Cedres,41.0
Trinity,250.0
?entvid Pri Sticni,321.0
South Dennis,10.5
St-Colomban,161.0
Grand Forks,253.0
Kingsburg,94.0
Bad Laasphe,434.5
Cabot,94.0
Peyton,2069.0
Chateauguay,35.0
Menominee,177.0
Helensburgh,104.0
Epalinges,845.0
Carugate,155.0
Paxton,331.0
Praha,242.0
Grange Over Sands,54.5
Cheektowaga,199.0
Hagerhill,267.0
Reserva,931.0
Krize,763.5
Rio Das Pedras,641.0
Sun Valley,1473.0
Natrona Heights,289.0
Hanau,108.0
Mccammon,1457.0
Hollywood Hills,42.0
Mayfield Hts,323.0
Villa Alemana,196.5
Wembley Downs,26.0
Llanelli,23.0
Abiko-Shi,21.0
San Juan De Los Lagos,1793.5
Fort Myer,26.0
Kvaloya,0.0
Solomoms,0.0
Val David,341.5
Market Drayton,95.0
Pattaya,18.0
Sopó,2646.0
Hampshire,85.0
Port Hawkesbury,17.5
Sevierville,292.5
Copenhagen Sv,0.0
,203.0
Buzzards Bay,10.0
Tecumseh,180.0
Etzenricht,448.5
Cucuta,322.0
Wuhan,23.0
Balneário Camboriú,33.0
Huntingdon,39.0
Rhode St Genese,111.0
Princeville,153.0
Volant,980.5
Braga,97.0
Botucatu,828.0
Oak Creek,210.0
Morrill,1238.0
Samara,115.0
Guidlerland,70.5
Canyon,235.5
Hayden,702.0
Marathon,0.0
Hacienda Heights,206.0
Avalon,325.5
Galesburg,237.0
Murrow,1.0
Echallens,642.0
Clay City,196.0
Douglaston,42.0
St-Mathieu-De-Beloeil,12.0
Mebane,199.0
Lisle,219.0
Ferntree Gully,188.5
Baden,359.5
North Hollywood,216.0
South River,35.0
Key Biscayne,0.0
Ciudad Madero,7.0
Spruce Head,15.0
Nettuno,42.0
Grovetown,151.0
Maineville,234.0
Highland Mls,255.0
Richmond Heights,274.0
Sciota,191.5
Santa Vittoria Di Gualtieri,20.0
Crondall Farnham,108.5
Francestown,252.0
Otis,42.5
Melkbos,98.5
Clymer,462.5
Dyersburg,84.0
Gretna,2.0
Camberley,111.5
Den Hoorn,0.0
Itabashi-Ku,9.0
Dunkerque,2.0
Murray,1321.0
Malakoff,76.0
Harrowsmith,157.0
Clare,23.0
Xenia,281.0
Zhongshan Dist,11.0
Hanford,74.0
Shady Shores,163.0
Jablonna,357.0
Safi,71.0
Zanesville,227.0
Markleville,293.0
Pine Brook,57.0
White Rock,0.0
Northbrook,203.5
Menahga,425.0
New Taopei City,25.0
Ste-Marcelline-De-Kildare,102.0
Fort Leonard Wood,322.0
O?fallon,154.0
Lynden,16.0
Concepcion,23.0
Aledo,219.0
Rosemount,285.0
Mooncoin,18.0
Oppegaard,341.0
Northcote,49.0
Guadalajara Jalisco,1551.0
St Michaels,2069.0
Bridgeville,283.0
Lismore,11.0
New Territories,11.0
Two Harbors,179.0
Innisfil,247.0
Tulancingo,2186.0
Miller Place,48.0
Flemalle,217.0
Cockeysville,101.0
Gwalior,209.0
Glen Carbon,166.0
Camp Verde,947.0
West Sacramento,3.0
Pilot Butte,608.0
Worcestershire,41.0
Commerce Citu,1588.0
Tooele,1540.0
Patterson,32.0
St-Louis De Gonzague,43.0
Içara,42.0
Kimball,1444.5
Napoleon,207.0
Elkins,599.0
Parchment,255.0
Segovia,1038.0
Bobrowiec,71.0
Teddington,10.0
Emsworth,10.0
Housatonic,347.0
North Avoca,18.0
Levittown,30.0
Balwyn,61.0
Saddle River,76.5
Edwards Afb,719.0
Santa Catarina Pinula,1792.0
Wading River,31.0
Wentzville,183.0
Fengtai District,19.0
Otisfield,149.0
Kilgore,106.0
Tlaxcala Tlax.,2297.0
Corbetta,142.0
San Dimas,289.0
Mount Arlington,302.0
Windsor Mill,151.0
Bellefontaine,364.0
Coogee,0.0
Fox River Grove,245.0
Westville,239.0
Cooper City,7.0
Pemberton,147.0
Bogotá Dc,2749.0
Hanwell,150.0
Sao Jose Dos Campos,568.0
Quantico,0.0
Fountainville,129.0
West Yarmouth,5.0
Beaumont,10.0
Conception Bay South,0.0
Riano,141.0
Werl,84.5
East Rockaway,6.0
Vernon Hills,221.0
Sumida-Ku,5.0
Sint-Amandsberg,8.0
Holte,29.0
Leganés,673.0
Lumpini Patumwan,6.0
North Potomac,119.0
Outremont,72.0
Kristiansand,20.0
Oelwein,336.0
Vains St Leonard,25.0
Erpe Mere,25.0
Saltsjö-Boo,37.5
Millington,83.0
Delhi,219.0
Cressona,214.5
East Northport,48.0
Ballater,313.0
Pine Valley,1243.0
Iuka,182.0
Kauniainen,42.0
Washington Grove,146.0
Blackfoot,1370.0
Kenai,23.0
Woolwich Twp,13.5
Binbrook,87.0
Las Rozas,162.5
Wemmel,50.0
Nanuet,112.0
Mchenry,243.0
Ribeirao Preto,552.0
Laredo,130.0
Loves Park,225.0
Aberdeenshire,138.0
Liebefeld,557.5
Santiago De Chile,567.0
Worms,96.0
Sparks Glencoe,123.0
Delacombe,450.5
Chesterland,352.0
Rosslyn,1279.0
Augsburg,493.0
West Hills,276.5
Begnins,545.0
South Padre Island,0.0
St John'S,11.0
Hackensack,16.0
Helmstedt,145.0
Tamarac,7.0
Neuilly,40.0
Irwin,344.0
Arlington Hts,215.0
East York,135.0
Richmond Hil,15.0
Simsbruy,91.0
Malaga,36.0
Cap-Santé,68.0
Bromma,391.0
Gold River,67.0
Venetia,0.0
Mukilteo,127.0
Canning Vale,20.0
Cabuya Cobano,106.5
Clermont Ferrand,477.5
Yokohama City,9.0
Herne,77.0
Fairfield Twp,232.5
Ehringshausen,234.0
Massena,69.0
Quarrata,45.5
Sint-Truiden,55.0
East Grand Rapids,236.0
Tartu,51.0
"Tung Chung, N.t.",186.5
Wimbledon,123.0
Turku,28.0
Boule,316.0
Troutville,408.5
Chicoutimi,65.0
Vaires Sur Marne,71.0
Alghero,0.0
East Gull Lake,372.0
Adams Basin,176.0
Coram,48.0
Hudiviller,252.0
El Doral,44.0
Tuba City,1533.5
Tokwawan,
Zhongli,2.0
Shanghai China,10.0
Spring Grove,250.0
St-Mathieu-D'Harricana,306.0
Emerald Park,243.0
Soligorsk,153.0
Ste-Anne-De-Bellevue,31.0
Stenløse,16.0
Subiaco,682.5
Storm Lake,428.0
Osaka-Shi,12.0
Trieste,12.0
Lagrangeville,121.0
Wauconda,240.0
Clarendon Hills,221.0
Bloomsbury,658.0
Splendora,43.0
North Salt Lake,1361.5
Ivor,30.0
Big Lake,281.0
Grottoes,347.0
Timrå,66.0
Compiegne,64.0
Kaoshiung,12.0
Mont-St-Hilaire,37.0
Antwerpen,5.0
Cottonwood Falls,376.0
Arrawarra Headland,21.0
Lyngby,18.0
Bensalem,30.0
Roden,282.0
Deland,28.0
Deinze,8.0
Sommo,81.0
Cassano Allo Jonio,219.5
Villa Hills,250.0
Bennebroek,0.0
Platteville,299.0
Daejeon,79.5
French Lick,170.5
Hampton Nb,60.0
Dremil Lafage,202.5
Provo Canyon,1599.5
Conches,419.0
Passaic,14.0
Torbay,86.0
West Horsley,79.0
Albert Lea,375.0
Beloeil,37.0
Ways,122.0
Upper Marlboro,41.0
Point Cook,8.0
Zephyrhills,34.0
Monmouth,34.0
Ramsgate,0.0
Sao Goncalo,10.0
Mancos,2896.0
Mableton,315.0
Alftanes,0.0
Throop,311.0
Hokkaido,410.0
Jozefoslaw,106.0
Brooksville,50.0
Fairgrove,160.0
Hafnarfjordur,37.0
Leola,108.0
Athelstone,108.0
Copperas Cove,333.0
Airdire,1084.5
Willington,201.0
New Hudson,288.0
Stutensee,114.0
Forestport,374.0
Kialla,115.0
Cedar Crest,2035.0
Fortuna,201.0
Central Point,385.0
Girona,85.0
Concon,87.0
Shingle Springs,421.0
Boxmeer,14.0
Egg Bei Zuerich,522.0
Auchenflower,43.5
Mülheim An Der Ruhr,74.5
Bayreuth,351.0
Antwerp,5.0
Guetersloh,79.0
Xiamen,0.0
Kelsall,66.0
Kastrup,14.0
Miramas,62.0
São José Do Rio Preto,508.5
Marshfield Hills,31.0
Ontario,108.0
Wolcott,185.5
Rossville,34.5
Palisade,1465.5
Southold,9.0
Shingu,57.0
Lanesborough,381.0
Jonesborough,541.0
Palm Bay,10.0
Gearhart,0.0
Mentor,193.0
Gurugram,234.0
Munster,62.0
Crested Butte,2886.5
Fort Mitchell,258.0
Tainan City,8.0
Al Reem,11.0
Yorktown Heights,154.0
Dunmow,85.0
Aarhus N,64.0
Apeldoorn,11.0
Sanming,194.0
Theresa,126.0
Braselton,271.0
Lake Katrine,108.0
Footscray,27.0
North Wales,122.0
Barletta,21.0
Zapopanj,1573.0
Cincinnatii,200.0
Sussex,23.0
Pozuelo De Alarcón,690.0
Prevost,184.5
West Tisbury,23.0
Egaa,65.0
Poularies,289.0
Fort Bragg,85.0
Querétaro,1826.0
Morehead,294.5
Blaydon,54.0
Dublin 9,46.0
Coatepec,1211.5
Vila Nova De Gaia,89.0
Newfoundland,406.0
Cape May,2.0
New Salisbury,226.0
Bern,557.5
Blairs,66.5
Frontenac,178.0
San Giovanni Valdarno,150.5
Zapote,68.5
Belle Chasse,5.0
Ibaraki-Shi,15.0
Tadley,101.0
Nisswa,374.0
Highbury,36.0
Valley,191.0
Thorndale,153.0
Shiner,119.0
Ono,178.0
Neubiberg,556.0
Taber,817.0
Carol Stream,239.0
Quitman,58.0
Navarre,0.0
Nussbach,437.0
Belmond,360.0
Andorra La Vella,1372.0
Saitama-Shi,12.0
Santa Margarita,4.0
Hawthorn East,61.0
Trophy Club,204.0
Moline,210.0
Alachua,41.0
Maisach,510.0
Carpi,23.0
Newberry,163.0
Shelby Charter Township,203.0
Haveluy,31.0
Esplugues De Llobregat,13.5
Markgrafneusiedl,151.0
97411,38.0
Seoul.korea,51.0
Lantana,10.0
Kariya,11.0
Eindhoven,19.0
Wilhering,313.0
Sandgate,0.0
Becket,514.0
Tuggen,425.0
Mangrove Mountain,268.0
Ringkoebing,4.0
Cityone Shatin,114.5
Ruian City,297.5
Mcminnville,47.0
Valhalla,108.0
Lac Beauport,240.0
The Woodands,45.0
Broughty Ferry,35.0
Buncrana,55.5
Austell,284.0
Calvert City,112.0
Prato,76.0
Kidderminster,60.0
Foz Do Iguaçu,213.0
Weston-Super-Mare,2.0
Upwey,27.0
Neukirch,544.0
Pomfret,1134.0
Grande-Digue,0.0
Schererville,205.5
Orwell,281.0
Griffith,139.0
Ledyard,73.0
Katonah,95.0
Frankenmuth,200.0
Mount Uniacke,155.5
Jiangxi Nanchang,25.0
Bury,109.0
Clevealnd,172.0
Downs,244.0
"Yokosuka-Shi,",5.0
Hubei,79.0
Ornskoldsvik,3.0
Hyattsville,15.0
Bradfield Southend,96.0
Powell Butte,982.0
Cream Ridge,39.0
Ludhiana,250.0
Boswell,605.0
Cincinnari,200.0
Otsego,279.5
Mount Sinai,1938.5
Tamp,133.0
Slinger,342.0
Heidenheim,518.5
Ghent,8.0
Sebastian,11.0
Koriyama,248.0
Parkland,98.0
Williamson,1545.0
Cergy Pontoise,31.0
Templestowe,87.0
South Minneapolis,245.0
Payson,1387.0
Pineville,27.0
Cumberland Foreside,24.0
Poughkeepsie,50.0
Noida,198.0
Petrolina,373.0
Shinagawa-Ku,17.0
De Meern,0.0
Prinsenbeek,3.0
Sassari,215.5
Breesport,390.0
Pinner,69.0
Tuningen,748.0
Halethorpe,27.0
Pequannock,61.0
Mosinee,355.0
Laveno Mombello,208.0
Carterville,132.0
Heath,264.0
Toyonaka-Shi,14.5
Ft Collins,1522.0
Chungcheongnam-Do,104.5
Scandia,305.0
North Middletown,3.0
Olney,148.0
Valley Falls,31.5
Samutprakarn,3.0
Wahroonga,166.0
Compton,26.0
Adrian,243.0
Carp,105.0
Richland Center,238.5
Bogis Bossey,475.0
Alto,127.0
Como,386.0
St Marc Des Carrieres,48.0
Klosterneuburg,199.0
Avon Lake,172.0
Catharpin,87.0
Brackney,512.0
Gladwyne,101.0
City Beach,25.0
Inlet Beach,0.0
Lufkin,100.0
St. Andrews,4.0
Philo,212.0
Marieville,33.0
Oak Hill,114.0
Clinton Township,183.0
Rimforsa,92.0
Vösendorf,184.0
Dalkeith,55.0
Qualicum Beach,36.0
Cádiz,0.0
Næstved,13.0
East Haven,11.0
Sondrio,787.5
West Brookfild,200.0
A Coruna,16.0
Castellon,405.0
River Falls,274.0
Carrickfergus,49.0
Budleigh Salterton,24.0
St-Sauveur,260.0
Glenelg,11.0
Lakeport,403.0
Christainsburg,632.0
Angier,94.0
Vitoria,10.0
Enola,124.0
East Earl,167.5
Huerth,59.0
Steinbach,262.0
Lodz,215.0
Wuyishan,317.0
Cedar Hills,237.0
Blackstone,68.0
Sao Carlos,844.5
Ikejiri Setagaya,34.0
Taiyuan,806.0
Grosse Pointe Farms,180.0
Ste-Julie,40.0
Carouge,394.0
Nishi-Tokyo,0.0
New Franken,244.0
Enniscorthy,42.0
Forest Grove,53.0
Cape Girardeua,123.0
Plymouth Meeting,59.0
Conneaut,206.0
Rancho Palso Verdes,0.0
Oss,7.0
Brattleboro,124.5
Bay Port,4.0
Luckenwalde,46.0
Carnation,47.5
Americus,122.0
Hanahan,11.0
Scott Depot,234.5
St Jacobs,268.0
Buhl,166.0
Lainate,174.0
Chestnu Hill,208.0
Coatesville,136.0
O Fallon,154.0
Fort Rucker,88.0
Anjo City,48.0
Tai Po,186.5
Abbottstown,160.0
Barnegat,26.0
Ringsted,33.0
Allenspark,2626.5
Zwolle,2.0
Averill Park,221.0
Gallup,2023.0
New Prague,296.0
Cabo Rijo,0.0
Dpo Aa,408.0
Springboro,260.0
Manning,10.0
Castle Creek,401.0
Baie D'Urfe,19.0
North Cambridge,210.5
Amelia Island,0.0
Greenup,180.0
Presidente Prudente,444.5
Ueda City,724.5
Beamsville,188.0
Gregory,12.0
Kennebunkport,10.0
Reedley,109.0
Port Angeles,87.0
Wimereux,4.5
High Springs,23.0
Oakbank,362.0
'S Hertogenbosch,6.0
Sparta,244.0
Demorest,426.0
Scotia,768.0
Changsha,54.0
Balbriggan,31.0
Santiago - Providencia,612.0
Cote Saint Luc,52.0
Birdsboro,76.0
Senoia,268.0
Schlierbach,360.0
Elversele,4.0
Mooretown,358.0
Cowdenbeath,139.0
Woodbine,14.0
Montevarchi,168.0
New Minas,87.0
St. Mary'S,24.0
Merrill,395.0
Fall City,44.5
Aumuehle,45.0
Lasswade,78.0
Woodland Park,74.5
Columbia Falls,931.0
Kilmarnock,35.0
Waramanga,621.0
West Chesterfield,159.5
Angwin,518.0
Malnate,396.5
Hademstorf,25.5
N. Chesterfield,40.0
The Woodlans,45.0
Mirabeau,61.5
Higashikurume,55.0
Stevensville,3.0
Red Lion,259.0
"Futian District,shenzhen",24.5
Neuvecelle,480.5
North Wiltshire,89.0
Wynantskill,138.5
Creve Couer,190.0
Moss Landing,22.0
Vancouver (strathcona / Chinatown / Down,40.0
Weltevredenpark,1585.0
Barranquilla,63.5
Erina,38.0
Loyal,387.0
Coral,279.0
Los Mochis,15.0
Flensburg,37.0
Asti,132.0
Springbrook,296.0
Haan,163.0
Tatum,104.0
Bois-Des-Filion,63.0
Rio Das Ostras,9.0
49480 Saint Sylvain D'Anjou,38.0
Encino,1692.5
La Mirada,32.0
Fiume Veneto Fraz Bannia,23.0
Halfmoon,77.0
Lewistown,173.0
Novi Sad,76.0
Vedano Olona,364.0
Portadown,19.0
Treviso,12.0
Cortlandt Manor,111.5
Schwarzenburg,815.0
Duncraig,32.0
L'Etrat,515.5
Seo-Gu,1481.5
Liberty Township,239.0
Thorold,177.0
Vianen,2.0
Waunakee,286.0
La Bazoge,88.0
Großhöflein,374.5
Mulberry,40.0
Monroeville,350.0
Sande,1483.5
Little Britain,132.0
Ponte San Pietro,228.0
Lynbrook,7.0
Woodridge,233.0
Kennedy Town,327.0
De Soto,185.5
Hamilton Township,19.0
Ledgewood,270.0
Fagnano Olona,274.0
Chardon,365.0
Bramley,65.0
Lake Winnebago,299.0
Erandio,22.0
Mohegan Lake,142.0
Dublin 2,18.0
Mödling,262.5
Kiel,17.0
Addison,213.0
Bascharage,291.0
Saint James,3.0
Bunkyoku,18.0
Soutborough,101.0
Oneonta,433.0
Hector,135.0
Eichenzell,297.0
Lysterfield,114.0
Praia Da Luz,58.0
Bloomingdale,227.0
Almelo,11.0
North Falmouth,28.0
Fredonia,1787.5
Taufkirchen,560.0
Indiana,269.0
Temse,2.0
Castellarano,204.5
Delanson,342.5
Pereira,1426.0
Dierhagen,0.0
Purcellville,167.0
Key West,0.0
Hilton Head,1.0
Otterburn Park,13.0
Fujisawa-City,48.0
København N,11.0
Ringoes,69.0
Stevenson Ranch,386.0
Orange Beach,10.0
Oreland,82.0
Lake Success,53.0
Rocky Hill,13.0
Balmoral,368.5
Princeton Junction,28.0
Estepina,47.0
Brownstown,186.0
St Cloud,317.0
Battle Ground,91.0
San Pedro,73.0
Tin Shui Wai,1.0
Harpswell,0.0
"Shinagawa-Ku,",17.0
Tudhoe,323.0
Bardowie,55.0
Sugar Hill,341.0
Lake Havasu City,145.0
Sheffield Lake,187.0
Aberystwyth,49.0
Cervignano Del Friuli,0.0
Laarne,4.0
Surville,145.0
"Meguro-Ku,",34.0
Medan,21.0
Okayama,6.0
Hammonton,31.0
Tarboro,16.0
Wawaka,274.0
Osselle,241.5
Grosse Pointe Woods,180.0
West :lafayette,178.0
Eschweiler,156.0
Køge,5.5
Ft. Myers,7.0
Cleburne,245.0
Voelklingen,260.0
Ormond-By-The-Sea,0.0
Holsbeek,19.0
Apison,277.0
North Adams,288.0
Aprilia,82.0
Angleton,10.0
Colfax,690.5
Busan,64.0
Kildare,92.0
Hiroshima,6.0
Temuka,27.0
Shepparton,115.0
S Burlington,101.0
Homedale,686.0
White Salmon,222.0
Edemissen,71.0
Boxboro,98.0
Minden,51.0
Stayton,133.0
San Bernardino,333.0
Mountbellew,61.0
Edo. Mex.,2265.5
Dural,193.0
Saint-Wenceslas,81.0
Manila,7.0
Rosebery,21.0
Buckeye,254.0
Lahti,91.0
Largo,8.0
Sheboygan Falls,214.0
Little Falls,58.0
Canyon Lake,283.0
Balneario Camboriu,33.0
Page,1182.0
Norway,807.0
Damascus,748.0
Orta Di Atella,23.5
Charles City,313.0
Tarxien,53.5
Hwaseong-Si,31.0
Faenza,39.0
Ruskin,5.0
Danville?s,158.0
Winterville,23.0
Gazzadina (tn),584.5
Delphos,232.0
Kentville,65.0
Clarks Summit,413.0
Cibolo,214.0
Signal Mountain,329.0
Orkney,1303.0
Clarkdale,1106.0
Santa Perpetua De Mogoda,69.0
Pike Road,84.0
Roeselare,21.0
Snellville,317.0
Agrigento,121.5
Urayasu-Shi,5.0
North Haven,17.0
Eldersburg,168.0
Pearsall,190.0
Rancho Murieta,48.0
Cherveux,64.0
Nelson Bay,29.0
Becancour,6.0
Noda,18.0
Leefdaal,64.0
Yucaipa,731.0
Sept Iles,6.0
Ciudad Autónoma De Buenos Aires,5.0
Dennisport,0.0
Tepoztlán,1736.0
Paramus,22.5
Pismo Beach,0.0
South Croydon,71.5
Grande Riviere,0.0
Grayling,351.0
Mattoon,218.0
Hart Bei Graz,438.5
Hastings On Hudson,24.5
Landsale,55.0
Hawarden,35.5
Lake Tapps,171.5
Wolfeboro,206.5
Philomath,80.0
Indian Trail,212.0
Saga,2.0
Nethen,15.0
Belle Vernon,282.0
Sinclairville,461.0
Villemomble,64.0
Ciudad Obregon,39.0
Grovedale,669.0
Jewett City,56.0
Ericeira,0.0
Mery,376.0
Canyon Country,538.0
Soto Del Real,981.0
Zama,38.5
Royersford,65.0
Ballincollig,39.0
Thompson,207.0
Rockport,9.0
Thornbury,49.0
Rialto,365.0
New Port Richey,5.0
Applecross,13.0
Stocksund,23.0
Linkoping,64.0
Monroe Township,44.0
Readsboro,488.5
Commerce City,1588.0
Hertfordshire,101.0
Hinesburg,213.5
Crystal,269.5
Mineral Point,319.0
St. Peters,132.0
Millstone Twp,66.0
San Antonio De Belen,916.0
Chalfont St. Giles,115.5
Muang,125.0
Tokorozawashi,64.0
Buckland,233.5
Berwick,37.0
Valley Village,200.0
Mccall,1533.0
Barker,257.0
Wappinger Falls,55.0
Rowland Heights,168.0
Jabriya,722.0
Saint-Guillaume,39.0
Blackpool,0.0
Oldfield,389.0
Itararé,750.0
Cos Cob,8.0
Killiney,0.0
Yasugi-Shi,1.0
Innes Park,6.0
Penshurst,36.0
Iwaki,15.0
Zhongshan,8.0
Smiths Falls,124.0
Bigues I Riells,376.0
Grant,299.0
Hoofddorp,-2.0
Old Lyme,3.0
Lievegem,5.0
Forest City,27.0
Tapachula,146.0
Caldicot,26.0
Nerima-Ku,43.0
Baranduda,215.5
Alburgh,34.0
Wuxi,8.0
Rosslare,3.0
Hauppauge,29.0
Richlands,677.0
Columbine Valley,1641.0
North Little Rock,84.0
Kyotango,51.0
Far Hills,66.5
N. Attleboro,62.0
Waddell,339.0
Reguly,100.0
Lecco,239.0
Abq,1613.0
Sungdong-Gu,20.5
Colmar,190.0
Wappingers Falls,55.0
Saint-Augustin,68.0
Villarlod,980.0
Bruxelles,28.0
Constantine,547.5
Siilinjärvi,81.0
Sevilla,9.0
Mita-Shi,461.0
Whanganui,16.0
Klagenfurt,450.0
Mcgregor,6.0
Boyds,127.0
Canby,46.0
Oegstgeest,1.0
Munina,199.0
Spijk,0.0
Menden,192.0
Blainville,69.0
St Peter / Au,287.0
Alkmaar,1.0
Dike,298.0
"Banqiao Dist., New Taipei City",13.0
Free Union,163.0
Coldbrook,32.0
Niceville,19.0
Limburg,62.0
Tumwater,58.0
Hazlet,7.0
Chatuchak,7.0
Lochbuie,1543.0
San Angelo,569.0
Eichgraben,343.0
West Islip,13.0
Ponte Di Piave,7.0
Woking,31.0
Virum,41.0
Rheinfelden,503.5
Nijkerk,1.0
Rosamond,705.0
"Jiaoxi Township, Yilan County",6.0
Biot,79.0
West Trenton,27.0
Orizaba,4593.5
São Luis,40.0
Echo,23.0
Haleiwa,0.0
South Beloit,235.0
Steamboat Springs,2174.5
Essex Junction,109.0
Cleobury Mortimer,145.5
Yuyao,8.0
Mawnan Smith,35.0
Seaton,10.0
Orangeburg,62.0
Bastrop,51.0
Long Sault,71.0
Pierz,354.0
Caledon,302.0
Sherburn In Elmet,31.0
Alpena,179.0
Schuylkill Haven,214.5
Ligonier,274.0
"Mexicali, Baja California",1.0
New Taipei City 234,15.0
San Giovanni In Persiceto,18.0
São Bernardo Do Campo,773.0
Rocky Mount,2495.5
São João Da Boa Vista,762.0
Ft. Worth,173.0
Southend,8.0
Gadstrup,32.0
Dronninglund,14.0
Nassau Bay,9.0
Belveglio,191.0
"Ebina-Shi,",26.0
Alava,504.0
Overijse,97.0
Lodosa,365.0
Uitgeest,0.0
Saint-Vallier,298.0
Sebastopol,33.0
Wetzlar,159.0
Cadiz,0.0
Alfred Station,551.0
Glenwood,193.0
Craughwell,76.0
Nagano,365.0
Prince Albert,456.0
São Caetano Do Sul,754.0
West Glamorgan,72.0
Crystal River,8.0
Merrick,16.0
Land O' Lakes,27.0
Sparsor,170.0
Srarsor,170.0
Highland Lakes,357.0
Boothbay Harbor,19.0
Ste Thecle,157.0
Homantin,11.0
"Richardson, Tx",202.0
Rieti,393.0
Marienmünster,252.0
Hope Valley,108.0
Kerns,1383.5
Poggiridenti,1062.5
Vigevano,107.0
Livonia,198.0
Eraclea,0.0
Montreal North,23.0
N. Augusta,47.0
Carshalton,74.0
Franklinville,530.5
Sanbornton,211.5
West Bath,26.0
Hermitage,347.0
Nordhausen,244.5
Ammon,863.0
Belem,0.0
Marbella,92.5
St-Charles Borromee,73.0
Dickinson,8.0
Cd Juarez,1130.0
Papillion,336.0
Hohen Neuendorf,43.0
Center City,277.0
Bischofszell,516.0
Ft Lupton,1503.0
Meadow Springs,110.0
Hovas,27.0
West Jefferson,281.0
Rochelle Park,16.0
Versailles,137.0
Flowood,87.0
La Paz,3931.0
North Sciutate,112.0
Colonie,101.0
Griffth,2110.0
Warendorf,59.0
Sant Vicenc De Montalt,0.0
Newtripoli,195.5
Suffolk,21.0
Córdoba,421.0
Varese,346.5
Boeheimkirchen,254.0
Muscatine,207.0
Bellmore,14.0
Cranberry Twp.,325.5
Hawley,356.0
North Ogden,1347.0
"Kagoshima-Shi,",11.0
Swanzey,154.0
Eudora,265.0
Woodslee,248.5
Bassano Del Grappa (vi),122.0
"Shaukiwan, Hong Kong",89.0
North Las Vegas,560.0
Almería,164.0
Njardvik,231.5
Castleton,148.5
Joongwon-Gu,5.0
Dellroy,326.0
Grain Valley,244.0
"Kanuma-Shi,",163.5
Bonn,63.0
Marco Island,5.0
Leioa,22.0
Nags Head,4.0
Oquossoc,483.0
Gorzow,228.0
North Highlands,24.0
Sallynoggin,40.0
Marchirolo,709.5
Sechelt,15.5
Hickory,332.0
Santa Lucia Di Piave,60.0
Gwangmyeong,44.0
Canning,4.0
Exton,112.0
Ellon,38.0
Terrace Park,174.0
Kings Mountain,284.5
Hammonds Plains,116.0
Montesson,36.0
Takapuna,10.5
Sedalia,265.0
Balneário Picarras,10.0
East Fairfield,163.0
Camp Lejeune,9.0
Varberg,0.0
Carterton,103.0
Danielson,75.0
Plainwell,225.0
Selden,48.0
Proctorsville,377.0
Vila Nova De Famalicão,100.0
Middleborough,32.0
Neptune Beach,4.0
Beckum,131.0
Turramurra,157.0
Quechee,247.0
Hasbrouck Heights,4.0
Saint Peter,272.0
New Ringgold,217.0
Malsch,126.0
Torrelodones,795.0
Leland,6.0
Kurume,12.0
Farnborough,65.0
Kuesnacht,402.0
Twin Peaks,31.0
Maple Rudge,20.0
Fort Meade,51.0
Joinville,14.0
Hyrum,1404.5
Brewood,109.0
Guyton,31.0
Pulaski,619.0
Allen Park,185.0
Erdenheim,60.0
Manteca,10.0
Beaver Dam,261.0
Cape Porpoise,0.0
North Sometset,6.0
Saint Johns,67.0
Nürnberg,312.0
Panorama City,256.0
Shumway,1794.0
Port Republic,10.0
New Richmond,301.0
"Kawaguchi-Shi,",6.0
Twinsburg,316.0
Arkhangelsk,3.0
Sunland,464.0
Township Of Washington,264.0
Rosenheim,451.0
Elkridge,43.0
Chaplin,107.0
Weeping Water,363.0
Trabuco Canyon,308.0
Stoney Creek,29.0
Balnerio Camboriu,33.0
Huntington Station,64.0
Spring Lake Heights,0.0
Nantong,6.0
Grosspoesna,151.0
Prescott Valley,1527.0
El Sobrante,60.0
Venezia - Lido,0.0
Palmarolle,282.0
Lillesand,49.0
Blue Bell,94.0
Crescent,343.0
Russell,71.0
Christ Church,0.0
Avila Beach,52.5
San Leandro,19.0
Yousung-Gu,76.0
Cheseaux-Noréaz,556.0
Warfield,565.0
Malmö,8.0
River Edge,18.0
Congers,56.0
Lone Oak,338.0
Phenix City,113.0
Osprey,7.0
Arandas,2048.0
Mount Gretna,199.0
Grand Cayman,6.0
Codognè,19.0
Chene-Bourg,419.0
Iwaki-Shi,15.0
Ramer,128.0
Beaver Bank,88.5
Waldbuettelbrunn,334.0
Selah,337.0
Monona,256.0
Gaylord,404.0
Repulse Bay,0.0
Realmonte,151.0
Chianni,261.5
Livorno,3.0
Kentfield,166.0
New Ross,45.0
Clonakilty,25.0
Barna,137.0
Leyton,10.0
Ageo-Shi,17.0
Lleida,161.0
Lawndale,23.0
New Madison,337.0
Pensacola Beach,0.0
Meerbusch,32.0
Villanueva De La Cañada,637.0
Shakopee,229.0
Biberist,451.0
Punxsutawney,420.0
Utsunomiya,119.0
Gardabaer,1.0
Belle River,14.0
Caldas Da Rainha,44.0
Mariposa,675.0
Numata-Shi,410.0
Roncade (tv),6.0
Cailloux-Surfontaines,233.0
Amelia,340.0
Bari,0.0
Las Rozas De Madrid,718.0
L?ametlla Del Valles,207.0
Mackinaw City,182.0
Kodak,299.0
Hoschton,271.0
Cambridgeshire,6.0
Bunschoten-Spakenburg,0.0
Melide,421.0
Royalston,316.0
Sahuarita,854.0
St Joseph,275.0
Calamba City,129.5
Roccalumera (me),24.0
Santa Teresa Di Riva (me),41.0
Savignano Sul Rubicone (fc),21.0
Sanborn,192.0
Oranjestad,18.0
Stavanger,14.0
Henniker,158.0
Hemel Hempstead,129.0
Little Compton,27.0
Maumelle,91.0
Dobra Szczecinska,20.0
Aabybro,3.0
Elsworth,20.0
Concord Township,266.0
Port St. Lucie,11.0
St-Basile Le-Grand,13.0
Etna,314.0
O'Connor,607.0
Island Heights,7.0
Renfrew,15.0
Canal Fulton,299.0
Schuepfen,521.0
Morin Heights,265.0
Bonne,598.5
Astorga,638.0
Hüttwilen,478.0
Birch Bay,16.0
University Park,9.0
Manlius,202.5
Ballarat,446.5
Brimfield,228.5
Valley Stream,3.0
Whitchurch,104.0
Cuautitlan Izcalli,2293.0
Waterlooville,55.0
Redfern Nsw 2016,21.0
Albert Park,1051.0
Herdecke,117.0
Settimo Milanese,132.0
Zug,440.0
Leidschendam,0.0
Tilst,62.5
Denny,56.0
Ashby,266.0
Hesperia,972.0
Turenki,107.0
Birkenwerder,43.0
Sunrise,6.0
Buckingham,113.0
East Weymouth,17.0
La Cañada Flintridge,375.0
Funabashi-Shi,5.0
Owatonna,355.0
Bemidji,416.0
Zuidhorn,0.0
Lam Tin,18.0
Bodegraven,-1.0
Steenbergen,0.0
San Siro,198.0
Aspen,2554.5
Crosshill,179.0
Spruce Grove,677.0
Sointula,30.5
St Peter,272.0
Mermaid Waters,3.0
Herdersem,5.0
Blandford,472.5
Shoreham-By-Sea,0.0
Swannanoa,745.0
Skoghall,49.0
South Milwaukee,205.0
Wassenberg,39.0
Drumalee,96.5
Poitiers,108.0
Camdenton,280.0
Seminole,19.0
Langenfeld,47.0
East Victoria Park,20.0
Emerald Hills,420.5
Luxemburg,256.0
Floirac,55.0
Maitland,33.0
Grants Pass,295.5
Deniliquin,95.0
Foster,107.5
Perigueux,135.5
Checy,101.0
Rosemere Montreal,29.0
Pocahontas,80.0
Sumner,21.0
Dunn Loring,130.0
N Attleboro,62.0
Blauvelt,70.0
Narragansett,0.0
Culiacan,46.0
Lugano,366.0
Arsta,29.0
Reggello (fi),344.0
Sutter Creek,412.5
Menands,24.0
Muntinlupa City,2.0
Pallanza (vb),222.0
Mullica Hill,25.0
Benbrook,201.0
Matsudo,7.0
Murrells Inlet,6.0
Haidian District,65.0
Salerno,86.5
Torrelles De Llobregat,196.0
Purchase,78.0
Port Tobacco,44.0
River Heights,1410.0
Fort Campbell,166.0
Locarno,1008.0
Millers Point,8.0
Collinsville,167.0
Good Thunder,303.0
Slidell,10.0
Koka,31.0
Goiânia,762.0
Oldebroek,4.0
Worcester United Kingdom,24.0
Fort Mcnair,2.0
"Itabashi-Ku,",9.0
Shapleigh,176.5
Taikoo Shing,89.0
Dajia District,27.0
Queen Creek,424.0
Blythewood,151.0
Mühlheim An Der Ruhr,74.5
Muehlheim An Der Ruhr,74.5
North Oxford,197.0
Sapporo,23.0
Cummington,393.5
Goes,0.0
Norton Shores,190.0
Goteborg,48.0
Putnam,94.5
"Oyama-Shi,",40.0
Fort Knox,221.0
Philippines,398.0
Shenandoah Junction,169.0
Kapaa,0.0
Hopedale,100.5
Portand,36.0
Plympton,52.0
Mishima-Gun,136.0
Downpatrick,20.0
South Weymouth,41.0
Gardena,18.0
Holyoke,38.5
Oudenhoorn,0.0
Yarmouth Port,16.0
Chêne-Bougeries,419.0
New Market,23.0
Kyoto,55.0
Maywood,45.0
Branford,7.0
Daqing,150.0
Newton Corner,126.5
Campton,202.0
Rancho Mirage,85.0
Sjalevad,100.0
Cogollo Del Cengio (vi),283.5
Alamo,29.0
Aalst,16.0
Bromham,39.0
Machiasport,16.0
Fredricksburg,414.0
Sorrento,243.5
Hjørring,33.0
Lobethal,472.0
Pforzheim,309.5
Lexingon,292.0
Adro,216.0
Shinjuku,40.0
Boeblingen,459.0
Clemson,211.0
West Seneca,182.0
Taupo,385.0
Wiscasset,23.5
Greater Manchester,82.0
Qingdao,21.0
Xuzhou,51.0
Dollard-Des-Ormeaux,36.0
Westlake Vilalge,302.0
Weihenzell,430.0
"Ushiku-Shi,",25.0
Alesund,1.0
El Prat De Llobregat,3.0
Dorchester Center,11.0
Adachi-Ku,4.0
"Yaumatei, Kowloon",11.0
Fairmont,315.0
Sheung Wan,123.5
Pointe Claire,26.0
1220,290.0
Elk Point,341.0
Incline Village,2342.0
Provincetown,4.0
Kemptville,58.0
Lake Worth,10.0
Orillia,253.0
Borgaro (to),258.0
Isleworth,25.0
Craig,1900.0
Nouaceur,143.0
Raanana,49.0
Pujaudran,241.0
Crosserlough,106.0
Apollo Beach,5.0
N Andover,24.0
Fort Edward,77.0
Saint-Julien-En-Genevois,469.0
Adria,0.0
Pagosa Springs,2217.0
Holderness,241.5
Sault Ste. Marie,184.0
Mariakerke,0.0
Prawet,4.0
Torrejon De Ardoz,600.0
Green?s Farms,29.0
Owasso,188.0
Viggiù,388.0
Peekskill,27.0
Boynton Beach,9.0
Cumberland Center,68.0
Linhó,233.5
Baldwinsville,128.0
Ponder,224.5
East Greenbush,119.0
Watford,71.0
Arconnay,142.0
Jokela,79.0
Santa Rosa Beach,11.0
"Ageo-Shi,",17.0
Pisa,1.0
Freeburg,155.0
Davidsonville,40.0
N. Salt Lake,1361.5
Neuss,41.0
Mount Washington,1494.5
Niantic,0.0
Guilderland,70.5
Hattingen,104.0
Philadephia,7.0
Bayamon,17.0
Toddington,113.0
L'Aquila,707.5
Kalisz,129.0
Escobedo,436.0
St-Paul-De-Montminy,485.0
Calabasas,347.0
Kiriat Ata,14.0
Shelter,52.5
Cape Neddick,11.0
Harbor City,75.5
Shelby Twp.,203.0
Kochi,6.0
Sønderborg,0.0
Moon Township,313.0
Grass Valley,782.5
Naantali,7.5
Poquonock,47.0
Roland,221.0
Jakarta Utara,4.0
Smithtown,28.0
South Kingstown,42.5
Glen Iris,14.0
Lincroft,26.0
Captain Cook,0.0
Randburg,1557.0
Springfield Gardens,139.5
Stockhoolm,29.0
Saitama,12.0
Saint-Constant,29.0
Succasunna,224.0
Dorking,67.0
Tarbet,39.5
Eskilstuna,36.0
Rushyford,95.0
Neyagawa,35.0
Athol,189.0
"Kanazawa-Shi,",15.5
Tigre,3.0
Huacho,44.0
San Bartolomé,8.0
Furlong,85.0
Orihuela,22.0
Cox,21.0
Newport Coast,212.0
Chepachet,156.0
Fontaines,199.0
St Neots,19.0
Yarmouthport,16.0
South Williamsport,196.5
Krokkleiva,103.0
Dayville,88.0
St Clement De Riviere,82.0
Clonmel,47.0
Ebina,26.0
Tai Po Nt,0.0
Levallois Perret,40.0
St Charles,136.0
Wollaston,54.5
Tampico,21.0
Eliana,99.5
Søborg,6.0
Floyds Knobs,200.0
Long Is City,9.0
Wandlitz,54.0
"Quezon City,",54.0
Wall Township,16.0
Malmo,8.0
Mareno Di Piave,35.0
A.muang,125.0
Ozone Park,13.0
Stougthton,71.0
Joongrang-Gu,1481.5
Saint Ouen En Belin,65.0
Sinton,19.0
Mapleville,140.0
Perrysville,333.0
Westcliff-On-Sea,19.0
Jermyn,357.5
Louisa,188.0
Suffern,107.0
North Haledon,81.0
"Naka-Ku,nagoya-Shi,",6.0
Olga,7.0
Aston Clinton,88.0
Hertford,58.0
Meredith,206.5
Rubiera,52.0
Merritt Island,4.5
Paintsville,245.0
Bostic,84.0
Jabiru,29.0
Middleboro,32.0
Harrisville,1309.5
Justin,206.0
New Lebanon,278.5
Kew Gardens,22.0
